id;date;exercise;meals;alcohol;notes
1;2023-02-17;6198;38418;57707;withdrawal Bedfordshire Analyste
2;2023-02-17;2388;1106;9423;Account Garden Limousin
3;2023-02-17;76967;8783;81008;metrics override bandwidth
4;2023-02-16;14053;35227;55062;dynamic Concrete
5;2023-02-17;3838;53842;86262;Charlemagne a
6;2023-02-16;88201;96453;19830;XSS
7;2023-02-17;45449;51221;53191;architectures Frozen
8;2023-02-17;98590;58178;44831;program payment
9;2023-02-17;45405;85555;60037;transparent green robust
10;2023-02-17;9401;94414;46576;seize synthesize
